session_id,timestamp
VaK6P9lXZWdtAkzsTNm6SaP6Z,2019-02-13 20:24:01.431847
rG2KD8WQOQA0Bfk0aOcnpyyjP,2019-02-13 20:25:21.753593
L1jX4j0hol5WuDVen9qrvbJrk,2019-02-13 20:26:07.495729
TQpt3fEcUNQGObtgWbmHfgyre,2019-02-13 20:26:18.273439
EUD6h4pZU4YwkNU9XOiYSOiRM,2019-02-13 20:26:21.491322
NxZ21tCP3VdD8zssEzAYebGLI,2019-02-13 20:27:51.548073
Y4H6CHtgC53VyIHyzKZq6rgzt,2019-02-13 20:35:51.829095
JHEcAw4D7ptRrdXByT5FuqSS5,2019-02-13 20:37:57.107069
Ch0mCbnXCNSY5LwC3yVcvN4OZ,2019-02-13 20:39:20.333621
r8XzXKfgOti4eqjJ9CmsvRCU7,2019-02-13 20:42:47.332813
bSdoZrZFZYE6dl7vXDgARO7om,2019-02-13 20:43:24.556807
aJhOOTHImpB1gxlIF13fl6a9Q,2019-02-13 20:43:28.531369
yMYHjv45hrNDDPXGZnymMWdD7,2019-02-13 20:43:52.025888
VyYVuycGRPtTnr96o5vULS3oA,2019-02-13 20:44:30.205016
t2mAH66afnDsYnXJekZX55j6d,2019-02-13 20:45:31.012264
EUtkvHelH8tm5QEECD6Ns3ciR,2019-02-13 20:46:21.237913
7MHfz4W9tb6LcALcL6VNY0g5x,2019-02-13 20:47:24.384587
44UaxHRHweDHS44R3DEVKw1Gz,2019-02-13 20:51:03.999583
MxqCKUS5GWm0GP8LGdieBVxlC,2019-02-13 20:52:07.294188
uzJsN7weNVFQw5n3tz2e5Vu0K,2019-02-13 20:52:50.194641
baDc9UnrPdNbayEdP5TSEAc8w,2019-02-13 20:53:55.313941
Ia7ZR6OBLtYmWCyaIl6HTKylS,2019-02-13 20:54:35.488191
Hm8KnT4oS7n9gYNavofgrS1sr,2019-02-13 20:55:11.236002
FKkRpaavl04hph4Usu5zRA5TZ,2019-02-13 20:55:45.826736
Tqgb0kpqDqufEAxwBsN8yRMRS,2019-02-13 20:56:10.412277
EniKideBs7NrwZUjUg0WoAC3D,2019-02-13 20:56:50.267337
5ejSAZXW7w9yZgRDvOWdoC9Lw,2019-02-13 20:57:38.478340
8eVPolFilbL484r7zMfxzVxNK,2019-02-13 20:58:22.500205
CinxrKUg5W6gSUzp2o4rKepjK,2019-02-13 21:00:07.458670
bwrGjEuu4Eqw2MsAvjlg7ogYK,2019-02-13 21:00:49.209318
C6eDtqDhdyCDcFSxtuO61ZfXL,2019-02-13 21:01:51.146264
epmfp41649TMyWtGbsjXy1LMQ,2019-02-13 21:02:27.269507
nGY5XFf2m7O98OlUIWbGvdeq3,2019-02-13 21:02:56.001321
i9LyrLn6cd1Crneh5wu1Zw1Ye,2019-02-13 21:03:18.977613
cKoClwnMq9Oq9F3Z4p4kHc0zZ,2019-02-13 21:03:59.398493
XEMh6mb5hqc67A5qyEcoPbGeP,2019-02-13 21:06:52.894601
egXOvX7jkxNI1AzIsk79GFhbZ,2019-02-13 21:07:51.511919
mwQ6Q1pHQhUnV8PsIeZatcWpo,2019-02-13 21:09:37.224380
rMRY90NCqXR2exh1U0Cxml1W1,2019-02-13 21:10:19.901303
ASyspVHdSDVcak8hG3SbD5esY,2019-02-13 21:11:58.361157
kveKYk4395MADVKE9I8LamVgq,2019-02-13 21:12:46.968889
Oof9pqqxCeU5drZ5LrdX8s8hC,2019-02-13 21:13:51.577761
Eq8sbrW68WA1DFlLdNM9rxGkG,2019-02-13 21:14:28.094997
vB64PcW9CaJtmRVB8Pc9v3sG7,2019-02-13 21:16:08.539909
rmmqzokcbfZDrwrj29UbAj11E,2019-02-13 21:16:48.386947
qhgbmIdye5WvE6db57IoQPk9w,2019-02-13 21:17:16.028334
yUgLdWt7Cy1uFJtRbFDWtF7uz,2019-02-13 21:17:57.993060
6Fgc9JVJ0SH73sXPWmarNhu3Z,2019-02-13 21:19:57.533391
yvPzeN7s3Wiog1y1CyGn6Iz8y,2019-02-13 21:20:53.761426
xUAOvD83RHqFFvz2hl4e1ZZEY,2019-02-13 21:29:58.622715
eSm8bdrhm2KYx3NCyoV5ydqed,2019-02-13 21:45:20.761679
yg4QUGTcwiP0OwD7y0iTjKIEz,2019-02-13 21:48:09.949634
wsScDPHHF3eY7O6bPivQ9YuyP,2019-02-13 21:50:29.682221
eeXgkPoByFnuOpSHlIyMP8rCu,2019-02-13 22:03:43.851900
lyq3JtkFgzCP0ld6l5I3iWDwc,2019-02-13 22:06:53.693469
0AojKjGBdGK0SgsvQY69Ke6E9,2019-02-13 22:08:14.209599
OucQyyIcge2tyZsHiNK1sA2pE,2019-02-13 22:08:46.155771
Pwz1FQs8x9Asi6TouUEQodkR9,2019-02-13 22:14:26.857151
mKZmPDlzB5VUxrmqsGAqa0uBH,2019-02-13 22:31:27.193503
x8Ke325sexOvh0SeNtFSos1Cf,2019-02-13 22:32:32.124636
qd3DssrzZaOmP8kkgWBe4ezJG,2019-02-13 23:29:56.456342
WPkyJdp4Nl5L9BMaHlBEZcElr,2019-02-13 23:32:21.776433
YMwpHMrXiKN4jFHruX9xIGxae,2019-02-14 00:17:32.149741
4nL9yLUKKC64dZJvJCB7kUKxQ,2019-02-14 00:22:52.536664
X5ob7fcPSsuq1bN6NL26oohcF,2019-02-14 00:24:56.029047
qP6FyfO2JsbVeTzueQMDzOjGS,2019-02-14 00:25:49.260150
s2sBDNwqr34XLICax0z8Tmcvg,2019-02-14 00:34:00.431972
R0TGbxYBSgTMxAprkDMNqIeuj,2019-02-14 00:55:37.987425
N9yukehHw0qfKZH3ONvPeRUF1,2019-02-14 01:38:31.558195
VUn8eTcHQqSDHvhVLftVCjPuA,2019-02-14 02:30:22.968861
kZN4LAwR8AzUsmWy0xbfjBCky,2019-02-14 03:58:47.829333
9VFTCmV9XpUY3AvJewjp3YaaN,2019-02-14 13:25:06.743228
HiSsbhYdD7YFTnoOGRrxdKPeD,2019-02-14 16:26:25.980550
l6PJApAMkeqRmT3t7jXovem81,2019-02-14 17:01:45.021821
GSxDVm9klioJonDoPbBJovxbL,2019-02-14 19:28:06.814299
XQ8sUPJUfOfGSw44cbG655VIJ,2019-02-14 20:02:07.970011
QZD8Pmt5ECVmtcmOVR2ZU1PdK,2019-02-14 21:13:17.813468
yI7gvsTRK5pwUVtedNB9tbY49,2019-02-14 21:13:26.456837
o2zKAPzCkQgAAmXd2lLP1pGJ4,2019-02-14 21:13:31.285105
n6c92T6VtoMt6TQ7Wgmn71bSv,2019-02-14 21:13:46.252817
s0MAmeGsMKPZTUrSL9fGDh32o,2019-02-14 21:13:57.278131
JQE7nymGJgBIGezoN7xuQDz6P,2019-02-14 21:14:51.434819
4mIAVjeOh3IVQgLeBJmQVfMNo,2019-02-14 21:16:47.733562
zumwgyh2DjaMQR4SQNpgzceUp,2019-02-14 21:43:39.404605
M5P4m3BjPws5oQPExMi0Z1Bko,2019-02-14 21:45:08.808228
FX20inauOLea7rIqWV6mVDNpb,2019-02-14 21:45:14.367790
XgiMr7ZtqUei9GRe9RVCcyqP7,2019-02-14 21:45:44.760038
jKzgoVBye0daWTgeb7p0csKCD,2019-02-14 21:45:59.240299
FGa3dsFW7lxgJqlOxpAweG1GG,2019-02-14 21:45:59.415210
AoAa8zsWXM3RinaBUUxozKOsy,2019-02-14 21:51:17.700218
wUgnKaBPGyY73PMMsWSgg3kTj,2019-02-14 21:51:45.818674
ja2xmqLT6GqvkfDU6MI2KZr5k,2019-02-14 22:20:42.793907
5EN9UtWJ19RKa5C4hV1T75Hkh,2019-02-14 22:20:47.573069
1CnxsLo1JpahPGrOjjNSeHxrs,2019-02-14 23:31:37.654679
7U4XG8sA2jrV2Wja1kdzJ7CaA,2019-02-15 14:52:22.229483
cym897pPq05UJ4dG6PACdDREk,2019-02-15 14:55:39.606466
n78riPCe5Ds8eTqcjq9Z2Jrz9,2019-02-15 14:56:44.962233
BuksrJxN1yx7uE9hdLoGye72Q,2019-02-15 15:13:33.535400
1iIHHkUKGj0jFg8ONxYxAZ8Im,2019-02-15 15:13:52.742857
ULaxcrLub5kj8vU2LQU1JAZ7l,2019-02-16 04:44:04.717889
pra4mS4W26XuZ5w7N2hfAC6rY,2019-02-17 18:08:15.893609
bsJ7U071ySoNThGjivgnr3SLc,2019-02-18 19:32:55.886085
t4SJNtHNwepp0Q2a2rRlhlbAI,2019-02-19 22:51:54.316695
llqLzbmLAFul1K4R8ptsMoXY1,2019-02-21 13:45:11.247145
jhYboBfZUEUBiqvoR3SpPNvKq,2019-02-21 13:48:08.752498
ZvoGpZuGMp8rY7KB1KuG7XlCO,2019-02-21 13:48:34.390335
9bWcFTZy9A1ahAwRiHjzvaZwp,2019-02-21 13:48:38.146955
CO4VEaF49pK1SD32Zq3m5BGud,2019-02-21 13:51:13.804766
DxcD77azYJPSSp73sJ0O36qi6,2019-02-21 13:58:53.478027
37xD8lnJR1EpQjzK6UuzIIqzs,2019-02-21 13:59:18.108057
DWq2cHj0vKs2l45PGEclBs2gD,2019-02-21 14:08:18.926743
KBfgfW2yBnbDajqmE4bmERC8G,2019-02-21 14:09:33.608821
UVkHsgmegP5iqwb7dZR4cKsN5,2019-02-21 14:11:27.375718
YH0c9v783cvAXpQEQtZHh87hW,2019-02-21 14:16:21.855028
nEKLq8h69iIjlz0wuttHa6i6b,2019-02-21 14:18:14.483335
